Risk Level (%),Final Capital ($),Return (%),Total Trades,Win Rate (%),Average Trade ($)
3.0,3641.6360181384234,264.1636018138423,283,38.869257950530034,9.334402890948498
